,battle_id,url
0,07D031B8E5,https://hera-public-files.azureedge.net/public-images/x_Taz_x/e56c316950ec460d940e305c034cd53d.original.jpg
1,07D031B8E5,https://hera-public-files.azureedge.net/public-images/x_Taz_x/e1d5a30923784af7accdca856b95cba5.original.jpg
2,099B01FAEF,https://hera-public-files.azureedge.net/public-images/aboodturdi/b89e30b77eb64a97aa3ae6932fb4af01.original.jpg
3,0GD3EH8SIE,https://hera-public-files.azureedge.net/public-images/alreadybroken/2d3ed3e18e7b479da69468961ee5e4ac.original.jpg
4,0GD3EH8SIE,https://hera-public-files.azureedge.net/public-images/alreadybroken/7adf13f982f44224b3ed737f9139c9a5.original.jpg
5,0L1EIKM8SU,https://hera-public-files.azureedge.net/public-images/l994/967d42ddd5dd4c1bbf2f424fc33bb195.original.jpg
6,0L1EIKM8SU,https://hera-public-files.azureedge.net/public-images/l994/ffe9ecec3fd34b5a9e482a9f00daafa2.original.jpg
7,0NTP5L4FPE,https://hera-public-files.azureedge.net/public-images/QWR_im/66aa0738aa1741b1b0ed16739440ff7a.original.jpg
8,0NTP5L4FPE,https://hera-public-files.azureedge.net/public-images/QWR_im/633c88f7e1d7452cadc3e22468b5b4d6.original.jpg
9,JQZ24O9BE,https://hera-public-files.azureedge.net/public-images/Ksaturkey/01733ec0d5694d97b42e7d3e6dc79031.original.jpg
10,0ZAMXSVHQW,https://hera-public-files.azureedge.net/public-images/k_kp1/c53ae9a546a9478bb8f504a6920c4243.original.jpg
11,146073D685,https://hera-public-files.azureedge.net/public-images/bodyx/6645a01dc47e407597781e9eb72bbb02.original.jpg
12,146073D685,https://hera-public-files.azureedge.net/public-images/bodyx/c6f5df74472c4d899ab205053f58fe3a.original.jpg
13,JY0SCXC7HK,https://hera-public-files.azureedge.net/public-images/abdo_36eef/aeb8c605e5d14882a8724417ad484b15.original.jpg
14,JWQ6CWP7AE,https://hera-public-files.azureedge.net/public-images/v2tk/e611874d241f41e1bbbef1b1e58eda89.original.jpg
15,1BM4UIUPK,https://hera-public-files.azureedge.net/public-images/soes/9bfed55c33e44863adefb909652edf45.original.jpg
16,16MMKNVETK,https://hera-public-files.azureedge.net/public-images/alicandle/2dac338f15014d9a86cd845a9d18056d.original.jpg
17,K1N7Z3JWRU,https://hera-public-files.azureedge.net/public-images/PAINx/52e078bf2e214aacbb1414218ceeb861.original.jpg
18,K1N7Z3JWRU,https://hera-public-files.azureedge.net/public-images/PAINx/aba16eb8cad94f7cbd80090d9b01f5fb.original.jpg
19,K2QRLT4NU,https://hera-public-files.azureedge.net/public-images/Waleedd/ffe5f1a23c854e409ce9550c737003d3.original.jpg
20,K8WJZM6AYU,https://hera-public-files.azureedge.net/public-images/iA1A/f32cf1228488431aa26b7577e0720392.original.jpg
21,1MXQEUNZHU,https://hera-public-files.azureedge.net/public-images/a7mdo132/7fb5f9e0f158422db873ae0a6042a96f.original.png
22,KH0EOBRHBE,https://hera-public-files.azureedge.net/public-images/QnFeK/07df445b4d794ac1a4edddb07948da70.original.jpg
23,KH0EOBRHBE,https://hera-public-files.azureedge.net/public-images/QnFeK/7ce99d1225cd43f9ba38abadc029431d.original.jpg
24,KJPCNUM8J0,https://hera-public-files.azureedge.net/public-images/ziFHD/ba5adafa69ea43a0a2738c5966b9a19e.original.jpg
25,KJPCNUM8J0,https://hera-public-files.azureedge.net/public-images/ziFHD/4a298f2f2f1f4db884563e4ab0470162.original.jpg
26,26FAD28653,https://hera-public-files.azureedge.net/public-images/oussamachohra/eff7da2fb0644bb88af7a487c802b747.original.jpg
27,20E92A2CC0,https://hera-public-files.azureedge.net/public-images/l994/20bc9d5afa664609a72ebeac2a3e8b61.original.jpg
28,20E92A2CC0,https://hera-public-files.azureedge.net/public-images/l994/f41a40e4fd4142a7817c91ae57fe6340.original.jpg
29,20E92A2CC0,https://hera-public-files.azureedge.net/public-images/l994/19fccf272b4f441daf129ad04aefa68a.original.jpg
30,KQHWVDDCK0,https://hera-public-files.azureedge.net/public-images/moka403/e25c1a986664431985c2ae679ab3445f.original.jpeg
31,KTSSV1WNJE,https://hera-public-files.azureedge.net/public-images/xAzaMz/344b87c54b864c42a706283b749da7db.original.mov
32,KTSSV1WNJE,https://hera-public-files.azureedge.net/public-images/xAzaMz/24a7a63068944fb2adba342bd967e0db.original.jpg
33,2AABF1CFF2,https://hera-public-files.azureedge.net/public-images/Q5_K7LD/089527b4b1ab4b69befec161e45bd53d.original.jpg
34,2AABF1CFF2,https://hera-public-files.azureedge.net/public-images/Q5_K7LD/1338ad1f7c434889ae82139e7d5861b0.original.jpg
35,2AABF1CFF2,https://hera-public-files.azureedge.net/public-images/Q5_K7LD/ecc8e3c54e5742e0be97784a67584747.original.jpg
36,2AABF1CFF2,https://hera-public-files.azureedge.net/public-images/Q5_K7LD/97699c58638444dfaba749a45c10fa48.original.jpg
37,KYNAYC53GU,https://hera-public-files.azureedge.net/public-images/KABOS/6426a10061f54b8bb5411b1bca5c44a6.original.jpg
38,KWHPUGINWU,https://hera-public-files.azureedge.net/public-images/ali711/2b1a1d313d524b098237f7078ce7a348.original.jpg
39,KVUUQ3VOJK,https://hera-public-files.azureedge.net/public-images/72__3r/8e49baed6ee4431c82845e541e3521c0.original.jpg
40,KVUUQ3VOJK,https://hera-public-files.azureedge.net/public-images/72__3r/4c92fe7a064a4f75b23b14ca1b9f77f4.original.jpg
41,KXVNLYW0,https://hera-public-files.azureedge.net/public-images/i_3zVIP/c53750245bab4f1282ea716ca27ba190.original.jpg
42,KXVNLYW0,https://hera-public-files.azureedge.net/public-images/i_3zVIP/e4c6646f9f0a4a1bb0600eaf30f60e5f.original.jpg
43,2O9IZO5MRK,https://hera-public-files.azureedge.net/public-images/m7sn/6f0dd8c5804641f48d8b7cfcb89f3680.original.jpg
44,2O9IZO5MRK,https://hera-public-files.azureedge.net/public-images/m7sn/94d3391e49ed4c779aed09dd34e46260.original.jpg
45,L8UKMAN9KU,https://hera-public-files.azureedge.net/public-images/hdooi10/e9001512f45c420faebe4f8aca131ab3.original.jpg
46,LAYFSLYXK,https://hera-public-files.azureedge.net/public-images/xSwiiiTcHz/cf2c8329b98a447a8541a547d0920536.original.jpg
47,LAQEQMI0E,https://hera-public-files.azureedge.net/public-images/aboode__990/dfe45311012c46ceada30130e3ce7f6f.original.jpg
48,LAM0ROTB7V,https://hera-public-files.azureedge.net/public-images/ibraHz/45d8fe2e575d4f77b8e7ac897d011cfb.original.jpg
49,LAM0RGJWVE,https://hera-public-files.azureedge.net/public-images/mhmooob/d081b9df7e614e0aab808056a598c495.original.jpg
50,35ZYHZKDEU,https://hera-public-files.azureedge.net/public-images/FoLrT/486691acc11548bd902d431940f46832.original.jpg
51,3AB6FC95D6,https://hera-public-files.azureedge.net/public-images/Peen_Killr1/67e124d019154b6992c181456764cc4d.original.jpg
52,3AB6FC95D6,https://hera-public-files.azureedge.net/public-images/Peen_Killr1/99756f56062c49d0b69fad9899a0e314.original.jpg
53,33E67BBDEF,https://hera-public-files.azureedge.net/public-images/ahmad305/f18f328b14424c52b7361c61e96df43b.original.jpg
54,33E67BBDEF,https://hera-public-files.azureedge.net/public-images/ahmad305/2d3f3494f1f74cc383926976bb1834eb.original.jpg
55,37EADEEE37,https://hera-public-files.azureedge.net/public-images/fnon2/2f83c8718506493cb1a6bcdbdc92b030.original.jpg
56,35ED6070EC,https://hera-public-files.azureedge.net/public-images/WoRzSuL/82d3d1cab8494c928fbe2fdcc774a6cb.original.jpg
57,35ED6070EC,https://hera-public-files.azureedge.net/public-images/WoRzSuL/86ab4c06f19647669e498c414ea29377.original.jpg
58,37942714AF,https://hera-public-files.azureedge.net/public-images/Eyadro653/1b89c403416549649b1e9759b871032f.original.jpg
59,3A8AE226CA,https://hera-public-files.azureedge.net/public-images/iA1A/fb148ae3d8ba4a54a81c4346be44e0c0.original.jpg
60,36BDDA74F7,https://hera-public-files.azureedge.net/public-images/Zzoro/85f3a5e5adf5403da936957e492dc108.original.mov
61,32AEB037B1,https://hera-public-files.azureedge.net/public-images/Omarxsa/59dfd0acda46499fa5a3eceb42d2df84.original.mov
62,32AEB037B1,https://hera-public-files.azureedge.net/public-images/Omarxsa/0d6c0017185c45469b0a48fe8b3b8020.original.mov
63,3308D75467,https://hera-public-files.azureedge.net/public-images/vlMeDo/e57c72a9eceb4c09a37e98eb58454de4.original.jpg
64,3CAF3195A6,https://hera-public-files.azureedge.net/public-images/xZaxyz/a154c115bbc64e0baa05bb80f8d2c367.original.jpg
65,3CAF3195A6,https://hera-public-files.azureedge.net/public-images/xZaxyz/80ce4d1e55a24828b7f44ea9643422a6.original.jpg
66,LMKMLFUXOK,https://hera-public-files.azureedge.net/public-images/pGnDe/ba51f5a60c8a469b82a3b96687275f36.original.jpg
67,LMQPL5YXE,https://hera-public-files.azureedge.net/public-images/Omarxsa/1902c57181314f93bc9ec14a000315bd.original.jpg
68,3QBPYAYUW0,https://hera-public-files.azureedge.net/public-images/hdooi10/32546b2b862c400e83207da6e22d9aec.original.jpg
69,LRDRCXLBOK,https://hera-public-files.azureedge.net/public-images/zZAL_qasem/0a2ed5f9c77c48c8a950bdee9a82ea9b.original.jpg
70,LRDRCXLBOK,https://hera-public-files.azureedge.net/public-images/zZAL_qasem/ed6619be87bd4466bb4fb81db3b7c804.original.jpg
71,3ZB1TEX0,https://hera-public-files.azureedge.net/public-images/m7sn/3fe43d59abf542589bc856c02dd8f4cd.original.jpg
72,3ZB1TEX0,https://hera-public-files.azureedge.net/public-images/m7sn/009bce8b39f84f2cb56b97995805336f.original.jpg
73,LVGYFXWIQK,https://hera-public-files.azureedge.net/public-images/Fz3ax/1848aaf1bb834c36975e12576552e4bd.original.jpg
74,LVGYFXWIQK,https://hera-public-files.azureedge.net/public-images/Fz3ax/5692dcff4d2d4333bddedc1e1c88ff44.original.jpg
75,LVGYFXWIQK,https://hera-public-files.azureedge.net/public-images/Fz3ax/ee7b764c71f34670ac6e6e5ee161eeae.original.jpg
76,LVGYFXWIQK,https://hera-public-files.azureedge.net/public-images/Fz3ax/ba92283d96444033bd6bed1085756d41.original.jpg
77,4968A17EC3,https://hera-public-files.azureedge.net/public-images/Ruki/7bc0da86cf034dfdaadb49944d36e3e6.original.jpg
78,4235DCF957,https://hera-public-files.azureedge.net/public-images/majedRBGFF/f50dfcca754d44839595ebc4aa1163d1.original.jpg
79,4235DCF957,https://hera-public-files.azureedge.net/public-images/majedRBGFF/c98a4bd79d5c4f24b2673ec3a640fdd4.original.jpg
80,4235DCF957,https://hera-public-files.azureedge.net/public-images/majedRBGFF/12b72dabc8de476c9792f3df4b97fb55.original.jpg
81,4235DCF957,https://hera-public-files.azureedge.net/public-images/majedRBGFF/63e1e16ac6a64b2f82ec23f6338791be.original.jpg
82,49WWXTLAMU,https://hera-public-files.azureedge.net/public-images/BlusteryManager/b7b9a203cc5c426f9c75950dc2c97d4d.original.jpg
83,49WWXTLAMU,https://hera-public-files.azureedge.net/public-images/BlusteryManager/e8d32f908e1c4a28b124fcf84af4516c.original.jpg
84,MBD7DAKSVK,https://hera-public-files.azureedge.net/public-images/Peen_Killr1/213e53abaff544e7adedaa93a662f4bb.original.jpg
85,M7YRPKB7RE,https://hera-public-files.azureedge.net/public-images/Reko_1/10ff1fef7cf94b6e92e4099c8b146198.original.jpg
86,M7YRPKB7RE,https://hera-public-files.azureedge.net/public-images/Reko_1/5879478ccd884c9486656f1ba7136b90.original.jpg
87,M5WFQVEXWE,https://hera-public-files.azureedge.net/public-images/MR_78/e432cfaf730b4346a558c28a089a0360.original.jpg
88,4FIOUPETYL,https://hera-public-files.azureedge.net/public-images/FAHAD_/dff4e11178234f659f2ee2672592dc74.original.jpg
89,4F11D83DA3,https://hera-public-files.azureedge.net/public-images/Mystery_M7/1b187975446b42b0a943ae61678169b6.original.mov
90,4BF14869E1,https://hera-public-files.azureedge.net/public-images/xShiro/a4c85a04668146a5a43bc7b0952b4755.original.jpg
91,4BF14869E1,https://hera-public-files.azureedge.net/public-images/xShiro/2667c5fb197a46b9a1dd21347a2c21b0.original.jpg
92,4C292D016C,https://hera-public-files.azureedge.net/public-images/Youtube_i7rb27/ff737a65c6954cfbb65fa1044afac7eb.original.mov
93,4C292D016C,https://hera-public-files.azureedge.net/public-images/Youtube_i7rb27/917e05176df44110b766a2e8eecfbd46.original.jpg
94,4C292D016C,https://hera-public-files.azureedge.net/public-images/Youtube_i7rb27/cda522172e72459e86d78ac921b43296.original.jpg
95,4C292D016C,https://hera-public-files.azureedge.net/public-images/Youtube_i7rb27/e8348fc769de43868159b8807a2bff16.original.jpg
96,MOJ8B8JTX0,https://hera-public-files.azureedge.net/public-images/bo_azzam/25e3c05c4a7246a49b58ed34f1f9a81c.original.jpg
97,MS6AMASLU,https://hera-public-files.azureedge.net/public-images/saudFC10/2c6c41ed52a9416186d7177e1b736ccc.original.jpg
98,MS0VZWZWLE,https://hera-public-files.azureedge.net/public-images/rGiw/45639f2c355c422f8736aa16b69330a9.original.jpg
99,4Z8ZB18LX0,https://hera-public-files.azureedge.net/public-images/One1/d86bf130920a438b890b034dbc2c2662.original.jpg
100,4Z8ZB18LX0,https://hera-public-files.azureedge.net/public-images/One1/3a418d5866f941abb7652487398584fb.original.jpg
101,5141C3A3F8,https://hera-public-files.azureedge.net/public-images/ziFHD/d1db317412764d84947caa6b1024fa49.original.jpg
102,5141C3A3F8,https://hera-public-files.azureedge.net/public-images/ziFHD/e069bfe603f844b5b74841c525e83c9f.original.jpg
103,MUL0BRIYQK,https://hera-public-files.azureedge.net/public-images/v7seen/070d4b51d6c246ad8fe420396d4dd16c.original.jpg
104,MUL0BRIYQK,https://hera-public-files.azureedge.net/public-images/v7seen/2f03903b820449d1aa11874d932c830c.original.jpg
105,5BB8A8D1A4,https://hera-public-files.azureedge.net/public-images/Paverion/6f64d05dd5f049108722699322c431c3.original.jpg
106,5BB8A8D1A4,https://hera-public-files.azureedge.net/public-images/Paverion/1be2b658cc6c4a7db8e944652455e95d.original.jpg
107,5C434C82E8,https://hera-public-files.azureedge.net/public-images/abdullahx2/e064698829cc4dbb99240eb7bd7064d4.original.jpg
108,57E8839465,https://hera-public-files.azureedge.net/public-images/MAN3/16ded451a2cd400f9da5c64d24d0f249.original.jpg
109,57E8839465,https://hera-public-files.azureedge.net/public-images/MAN3/297b3f7cf53f49099d1c8b752ee6df24.original.jpg
110,N6C7HSS2MS,https://hera-public-files.azureedge.net/public-images/GL6hxx1/43a9e29323e3444285e93ffef6829059.original.jpg
111,N6C7HVEBME,https://hera-public-files.azureedge.net/public-images/Saudi1Spoiler/dcd430cfc9424c719ae15060559cc138.original.jpg
112,N3WKQYXZDE,https://hera-public-files.azureedge.net/public-images/iRnf/9950ae2fe43a4a849becf46a217aca44.original.jpg
113,N3WKQYXZDE,https://hera-public-files.azureedge.net/public-images/iRnf/e9e23a71e7684a9dbeecbd90342d4910.original.jpg
114,N6C7HM5WFQ,https://hera-public-files.azureedge.net/public-images/GL6hxx1/7a90faebda754b408af3b7ee2d92a662.original.jpg
115,N6C7HM5WFQ,https://hera-public-files.azureedge.net/public-images/GL6hxx1/e6a25038d86549488f43785fd31ccfd7.original.jpg
116,N6C7HM5WFQ,https://hera-public-files.azureedge.net/public-images/GL6hxx1/f0fb79456b4245bcb3d0360be7094d05.original.jpg
117,N6C7HM5WFQ,https://hera-public-files.azureedge.net/public-images/GL6hxx1/30ec19c1a22b49b6b04c332bf06647a8.original.jpg
118,5C671876B6,https://hera-public-files.azureedge.net/public-images/Ysk9087/3930b0a8bf0744e186f15876936dfbcd.original.jpg
119,5C671876B6,https://hera-public-files.azureedge.net/public-images//c8670c84cb1841afbfa5e8d5ff1c659d.original.jpg
120,5C933499F8,https://hera-public-files.azureedge.net/public-images/iFWY/4c49093d81904fb9a443e0f44107a533.original.jpg
121,5C933499F8,https://hera-public-files.azureedge.net/public-images/iFWY/4d030ae9f68e4bdbb12c9cd10c71ee86.original.jpg
122,5C933499F8,https://hera-public-files.azureedge.net/public-images/iFWY/19f4497dc08e407ea34922605907a6ae.original.jpg
123,5C933499F8,https://hera-public-files.azureedge.net/public-images/iFWY/45877f97083a4fca8f14f214870fe942.original.jpg
124,5GCCFRJIUU,https://hera-public-files.azureedge.net/public-images/zZAL_qasem/75b0db2f978a48b0ae18970c128d3dfd.original.jpg
125,5GCCFRJIUU,https://hera-public-files.azureedge.net/public-images/zZAL_qasem/274fce8bbead4031b3289b501f48bd6a.original.jpg
126,5CB38C03BE,https://hera-public-files.azureedge.net/public-images/LMX/9bc3baddbd5f4e56bd90a011e8d4d02b.original.jpg
127,NF34P5R8K,https://hera-public-files.azureedge.net/public-images/nf3a/771c6bce695d4a09bac8f79e1c36913c.original.jpg
128,NF34P5R8K,https://hera-public-files.azureedge.net/public-images/nf3a/e56b092d605841319abf8887ca3fe385.original.jpg
129,NCEUCOKHME,https://hera-public-files.azureedge.net/public-images/loolymk/b03ff5a3790c45c6a9073e6ed0f1dc2d.original.jpg
130,NF6JDHPRBK,https://hera-public-files.azureedge.net/public-images/x7zEn/e97e3861b4d34acaa4c4ce1a855f0377.original.jpg
131,5L2B6VP910,https://hera-public-files.azureedge.net/public-images/Pattriiotz/0875d6e941e04ee4ac5a6573b211171f.original.jpg
132,5LD7VJPXB0,https://hera-public-files.azureedge.net/public-images/fars_xd/020338ea14ad493ca52350622d5e5060.original.jpg
133,5L2B6E16QI,https://hera-public-files.azureedge.net/public-images/Pattriiotz/5507599027914944afe4d0783fc757a1.original.jpg
134,5PZCXLF0YU,https://hera-public-files.azureedge.net/public-images/iNo7/47b67381e4a74d9ab15cf74925484ce4.original.jpg
135,6591B1A7DF,https://hera-public-files.azureedge.net/public-images/RANK/0eb9cb8751d1486d8cc15fba980feac4.original.jpg
136,6591B1A7DF,https://hera-public-files.azureedge.net/public-images/RANK/3cd0e56fba304547ac8dbda817320be7.original.jpg
137,NLNHZEG01U,https://hera-public-files.azureedge.net/public-images/xAzaMz/458125d92a924c8bbb4c71b10b0ca50b.original.jpg
138,NQQMJZ61O0,https://hera-public-files.azureedge.net/public-images/SPYY/fe95eaf346dc4152af22d3eefccaaad1.original.jpg
139,NQQMJZ61O0,https://hera-public-files.azureedge.net/public-images/SPYY/9cc2e345eaa64a729837ee21bf2b552a.original.jpg
140,NUBFX0UGE0,https://hera-public-files.azureedge.net/public-images/halak/3c13a8a9f0e64534920f3e41984bd409.original.jpg
141,NT5VZKOLFE,https://hera-public-files.azureedge.net/public-images/iSTC/883efac7255a4f7590c103b503ddf88f.original.jpg
142,NT5VZKOLFE,https://hera-public-files.azureedge.net/public-images/iSTC/5c14244a2dce4f6d975e4de9ac31efa1.original.jpg
143,6NPUZPKXS0,https://hera-public-files.azureedge.net/public-images/xAzaMz/d12d9a15ebea460d99f418db8b9cc132.original.jpg
144,6NPUZPKXS0,https://hera-public-files.azureedge.net/public-images/xAzaMz/4ff992c676654c7f8cf7eddbd6d2cec9.original.jpg
145,6MT5BC8N3K,https://hera-public-files.azureedge.net/public-images/yt_hamza_gamer99/edc64c27ed744eaf85d2da964928a243.original.jpg
146,6MT5BC8N3K,https://hera-public-files.azureedge.net/public-images/yt_hamza_gamer99/4d55007c055e4c39aa5e78a852429840.original.jpg
147,O9ON3ACENK,https://hera-public-files.azureedge.net/public-images/x3zo5/7f2927ccd5714a84a759d04bd46ca08a.original.jpg
148,OARBZOP7AE,https://hera-public-files.azureedge.net/public-images/rGiw/11ba50c109da4d1cbc6b2ae41c10e091.original.jpg
149,7580B8885D,https://hera-public-files.azureedge.net/public-images/kaja_o1/bcee188238af4351aeb53432068fb5f6.original.png
150,7580B8885D,https://hera-public-files.azureedge.net/public-images/kaja_o1/62d0c2918c194bb097e6e375119b5580.original.png
151,ODI7GRJDK,https://hera-public-files.azureedge.net/public-images/tooki134/1aeb4dd8ced348ed8cdb8a0860813464.original.jpg
152,OGUIQP2QE,https://hera-public-files.azureedge.net/public-images/zZAL_qasem/c10640ec1974400da3d40b3a3913d2d7.original.jpg
153,OGUIQP2QE,https://hera-public-files.azureedge.net/public-images/zZAL_qasem/6421ebdd3dd04667803e880a49ef2a9a.original.jpg
154,OH30FXJ1QE,https://hera-public-files.azureedge.net/public-images/Mystery_M7/52d674a67b38463b994d2f537de6a499.original.jpg
155,OHYFCHNUUK,https://hera-public-files.azureedge.net/public-images/AJ_PAC7/a118d11fa09f424fb62f7bf7f70565a9.original.jpg
156,7KTZALA0,https://hera-public-files.azureedge.net/public-images/xiTobi1/03c38233b49e45eb91884a715d9a6a1a.original.jpg
157,7KTZALA0,https://hera-public-files.azureedge.net/public-images/xiTobi1/9f6d3e48412e4b9a8c2d07fe9753cc6e.original.jpg
158,ONXG06DQ0U,https://hera-public-files.azureedge.net/public-images/zFerS/aa6d10089a3a4634b9cf986ae8a54ee7.original.jpg
159,OOUIPJMTVU,https://hera-public-files.azureedge.net/public-images/SK_m7so0ony/27563315a64b4120ad209df8bfdab5a0.original.jpg
160,OOUIPJMTVU,https://hera-public-files.azureedge.net/public-images/SK_m7so0ony/df72f69e51b34ad8911e4a2f944284d5.original.jpg
161,OOUIPJMTVU,https://hera-public-files.azureedge.net/public-images/SK_m7so0ony/65aadb757f444a9087488644d3f597c3.original.jpg
162,OOUIPJMTVU,https://hera-public-files.azureedge.net/public-images/SK_m7so0ony/80e208df9eac451a8d64b31d9a5ee4b9.original.jpg
163,8A9B87F189,https://hera-public-files.azureedge.net/public-images/ziFHD/d043207964bd4998afc6105dee44a2ea.original.jpg
164,8A9B87F189,https://hera-public-files.azureedge.net/public-images/ziFHD/06b59faab3e64ff4bd944287701a3b52.original.jpg
165,872C287330,https://hera-public-files.azureedge.net/public-images/ziFHD/4852d66e0ae24dfb823a2dbc9b5d53c7.original.jpg
166,872C287330,https://hera-public-files.azureedge.net/public-images/ziFHD/6ab0767cb1544785b9e69b8bfbaee9e3.original.jpg
167,843822A10E,https://hera-public-files.azureedge.net/public-images/oussamachohra/74bf4aa4c02045b597be594d412fc96d.original.jpg
168,OTB7VLJOE,https://hera-public-files.azureedge.net/public-images/FahoodGR/7cb613888de445d2abd8f55bd4a9bbaf.original.jpg
169,OTB7VCLRRN,https://hera-public-files.azureedge.net/public-images/FahoodGR/b7565147cb094ee7be6cb8643b6c030d.original.jpg
170,OTB7VQ0ATB,https://hera-public-files.azureedge.net/public-images/FahoodGR/34cb0e6b8bbd4ea88bc9c6e3a0e882f5.original.jpg
171,8AFA7ED48A,https://hera-public-files.azureedge.net/public-images/iadqj/7ba3af117dc04bf4ac0bb30c3c88b819.original.jpg
172,8E944EB94E,https://hera-public-files.azureedge.net/public-images/AbonawaR/c821edbff53f4566a48fcd05b19517a6.original.jpg
173,8B9ECC54EF,https://hera-public-files.azureedge.net/public-images/oVieBr/e7a7e99e9a684395adde198043089983.original.jpg
174,8B23039EA3,https://hera-public-files.azureedge.net/public-images/tukr7/be4be0da8a7347cebc4b3f51fb41601d.original.jpg
175,8B23039EA3,https://hera-public-files.azureedge.net/public-images/tukr7/b6d1b6d6811e4f4db606713f72239560.original.jpg
176,8B23039EA3,https://hera-public-files.azureedge.net/public-images/tukr7/7b90e4e9a291495895673101dfb92018.original.jpg
177,8BC50698AA,https://hera-public-files.azureedge.net/public-images/zFerS/bde34e2aa538468ca5b8d17ed945061e.original.jpg
178,8BPNV9CDR0,https://hera-public-files.azureedge.net/public-images/oFDx/c6795a8437794b6886786b874f19607b.original.jpg
179,8BPNV9CDR0,https://hera-public-files.azureedge.net/public-images/oFDx/e7a53617b51242a7a1353b1c5d22b14c.original.jpg
180,OYRVNMDHIE,https://hera-public-files.azureedge.net/public-images/FoLrT/f0e6c6d70c85416fabc134fef1b2ef6a.original.jpg
181,8JTX06XWTU,https://hera-public-files.azureedge.net/public-images/aboode__990/dbd71516b1724b538f7bb70ef325e88a.original.jpg
182,8NVYHKRZK,https://hera-public-files.azureedge.net/public-images/x7zEn/fafba78b140b452f9d3c06774ce47cbf.original.jpg
183,8NVYHKRZK,https://hera-public-files.azureedge.net/public-images/x7zEn/679cb72a81f041e2b954c92073bc3a9f.original.jpg
184,8NVYHKRZK,https://hera-public-files.azureedge.net/public-images/x7zEn/a60be7bce19f4d96b902a350f3cfbf57.original.mov
185,8NVYHKRZK,https://hera-public-files.azureedge.net/public-images/x7zEn/5c65e49ce3fd45af9895d57cf7f4d7be.original.mov
186,8TWOSPPEX0,https://hera-public-files.azureedge.net/public-images/ilRisKx/3124011d9352411a9d9cdf42600ffc17.original.jpg
187,8TWOSPPEX0,https://hera-public-files.azureedge.net/public-images/ilRisKx/1ed9f1044d80429cbca5a56e79c6ddfc.original.jpg
188,980994BADF,https://hera-public-files.azureedge.net/public-images/DrFx/bca3071655f345bda3b3e89be5c4b596.original.jpg
189,980994BADF,https://hera-public-files.azureedge.net/public-images/DrFx/35d17808f6fa4a7bb189be2fbec798da.original.jpg
190,9AD567E63A,https://hera-public-files.azureedge.net/public-images/iMqMx/23cdace95cdf40a59212c2efd2435270.original.jpg
191,9AD567E63A,https://hera-public-files.azureedge.net/public-images/iMqMx/e11ef9e48f9140478b8b482d88d51d8e.original.jpg
192,967AED5177,https://hera-public-files.azureedge.net/public-images/abdullah_1/9545c05b60704cfeb3a96ecf9d0271d9.original.jpg
193,9FTKFV5V1E,https://hera-public-files.azureedge.net/public-images/ilRisKx/07afed2e04c04bf1bdf0220da626b9b6.original.jpg
194,9FTKFV5V1E,https://hera-public-files.azureedge.net/public-images/ilRisKx/b1bdca909a0948ae96f890333cabf542.original.jpg
195,9GGLFD5UE,https://hera-public-files.azureedge.net/public-images/NMLaH/9c9baae74b0842a0941a015eb6a295ce.original.jpg
196,9FDNJJ0TUN,https://hera-public-files.azureedge.net/public-images/DeZxm/dcf7766da094455e88b862c48acdbf9d.original.jpg
197,PNNHPVMGB0,https://hera-public-files.azureedge.net/public-images/72__3r/775a094700c646b48439f70aad05efbc.original.jpg
198,PNNHPVMGB0,https://hera-public-files.azureedge.net/public-images/72__3r/eb922dc7af1a433cae14d61927e85fe9.original.jpg
199,9LZOTWB3GK,https://hera-public-files.azureedge.net/public-images/FoLrT/bfb260d660f5421da011cf864e56e1e3.original.jpg
200,9LZOTWB3GK,https://hera-public-files.azureedge.net/public-images/FoLrT/8511c908f6274dfbb36e4581589394b2.original.jpg
201,9PQOA14KTE,https://hera-public-files.azureedge.net/public-images/QWR_im/09733a82cf5e420e9b108d3e8e390f93.original.jpg
202,A3BFMMBJWU,https://hera-public-files.azureedge.net/public-images/hamny/85b4db2237594eaa8f56b06991af60ca.original.jpg
203,9YHBLNTT2K,https://hera-public-files.azureedge.net/public-images/i_Frooss13/c348740594eb483c9f567b8102afb57b.original.jpg
204,9YHBLNTT2K,https://hera-public-files.azureedge.net/public-images/i_Frooss13/2441d1d9f85244aab9b90a5c32221cb7.original.jpg
205,Q0ATBVRIRU,https://hera-public-files.azureedge.net/public-images/xfahdd/a99f1981cbcc4b2e81ded67efa994bb3.original.jpg
206,Q0ATB3ZB1T,https://hera-public-files.azureedge.net/public-images/xfahdd/4d705634359541bfbbf16976537b2920.original.jpg
207,A6CE0B4007,https://hera-public-files.azureedge.net/public-images/Munther_5rab/712efbc76a704ee2b99756f4c7102976.original.jpg
208,A6CE0B4007,https://hera-public-files.azureedge.net/public-images/Munther_5rab/2712396ff0de4adebb9699e5e049a7f2.original.jpg
209,A6CE0B4007,https://hera-public-files.azureedge.net/public-images/Munther_5rab/d0df18b216dc432a8bcd655081615c80.original.mov
210,Q6WQBOE1E,https://hera-public-files.azureedge.net/public-images/zJALLAD/f6683b190bb44015bbc9e46764ae6e4c.original.jpg
211,Q5JMGRBFXK,https://hera-public-files.azureedge.net/public-images/fnnn/de612f1e39594940a3410b18a8dbc413.original.jpg
212,Q8K12T3QU,https://hera-public-files.azureedge.net/public-images/yousefxd1122/f876ab3a743d4e62b0759484a94ba4b8.original.jpg
213,Q8K12T3QU,https://hera-public-files.azureedge.net/public-images/yousefxd1122/621d737806d0429ba0e75ab2eba76d26.original.jpg
214,Q8K12T3QU,https://hera-public-files.azureedge.net/public-images/yousefxd1122/40624b2210764b50acbe61c008c2ed2a.original.mp4
215,AD58BB1460,https://hera-public-files.azureedge.net/public-images/FoLrT/a24f5d66a7974b798a426f258fa19dcf.original.jpg
216,AD58BB1460,https://hera-public-files.azureedge.net/public-images/FoLrT/58251ac2ce014fcfa51fd31620c7823a.original.jpg
217,ACDD33A017,https://hera-public-files.azureedge.net/public-images/ilRisKx/38d6398385964f14b6ff70c9a167e3e6.original.jpg
218,ACDD33A017,https://hera-public-files.azureedge.net/public-images/ilRisKx/a3165b7ea1f14fb99aff550275b65d2c.original.jpg
219,QFI7WT03FE,https://hera-public-files.azureedge.net/public-images/aboode__990/b74aee50a5464fa6a5168b00c5ce434c.original.jpg
220,QFI7WT03FE,https://hera-public-files.azureedge.net/public-images/aboode__990/7ea028c49d2b4e4cbd63a64385e2f1c7.original.jpg
221,QFI7WN6C7H,https://hera-public-files.azureedge.net/public-images/aboode__990/666e9c6f15c842ee8851f67a8d5b03a6.original.jpg
222,QBMXEVTOK,https://hera-public-files.azureedge.net/public-images/zKinQx/93c08a8b652b4ce99172bc28e8907cc8.original.jpg
223,QBMXEVTOK,https://hera-public-files.azureedge.net/public-images/zKinQx/e993ce0b4f8743be82761440a8acb7a7.original.jpg
224,AFKAECPSEU,https://hera-public-files.azureedge.net/public-images/Abod/346573ef613b4557b9fd8937446cf38f.original.jpg
225,QRFPWB2YF0,https://hera-public-files.azureedge.net/public-images/ThamerGamer_3/fd128a6569e14f24b3032c398d866cd8.original.jpg
226,QRFPWB2YF0,https://hera-public-files.azureedge.net/public-images/ThamerGamer_3/61ee852003414173b1537f12fef80ed7.original.jpg
227,QRFPWB2YF0,https://hera-public-files.azureedge.net/public-images/ThamerGamer_3/c6090fc795254976a114e741f4078623.original.jpg
228,QRFPWB2YF0,https://hera-public-files.azureedge.net/public-images/ThamerGamer_3/a0f18bf595c946948a6546000a0abde5.original.jpg
229,QSBCJLTBQE,https://hera-public-files.azureedge.net/public-images/Fnon1/85d45080512743da85535c45b792608e.original.jpg
230,ATOKKSDU0,https://hera-public-files.azureedge.net/public-images/fars_xd/9397792750f044d0ab5217bb8571f90a.original.jpg
231,QVERAI9MYK,https://hera-public-files.azureedge.net/public-images/D7oom/984f15f9ed9443c6a4b294c8e1333d34.original.jpg
232,QVERAI9MYK,https://hera-public-files.azureedge.net/public-images/D7oom/3219828acc8a42e28365beaf180703f4.original.jpg
233,QVERAXDQWE,https://hera-public-files.azureedge.net/public-images/D7oom/9d7ea4c994bd4fc5b71faa76c7def3ac.original.jpg
234,QUJUGCFOPE,https://hera-public-files.azureedge.net/public-images/motecion/23596100dcf3455490187d570a0168ae.original.jpg
235,QVERAVLFBX,https://hera-public-files.azureedge.net/public-images/D7oom/cc93609f2ee243e487445d9056653e15.original.jpg
236,AWEDPCEKOU,https://hera-public-files.azureedge.net/public-images/l994/bdbc929baa9c4fb68f1ac083a042e19e.original.jpg
237,AWEDPCEKOU,https://hera-public-files.azureedge.net/public-images/l994/e82628b1382243f39026492ea00d2e38.original.jpg
238,B48F8785E1,https://hera-public-files.azureedge.net/public-images/DARK10/79df57e8097d4ae2a1cc1e1814756a1a.original.jpg
239,B48F8785E1,https://hera-public-files.azureedge.net/public-images/DARK10/e4f0e16664714578918460886b33e89e.original.jpg
240,B48F8785E1,https://hera-public-files.azureedge.net/public-images/DARK10/5e2fad422f09448c884d3aa902851003.original.jpg
241,RAJUA3MC60,https://hera-public-files.azureedge.net/public-images/iA1A/38a9fbfb51fc408c9d001076aaad6da5.original.jpg
242,R9JEG1J68E,https://hera-public-files.azureedge.net/public-images/xAzaMz/9e14d941bc86413991a3e2a533a3b396.original.jpg
243,R9JEG1J68E,https://hera-public-files.azureedge.net/public-images/xAzaMz/497705ff27214f149266caf845c6b271.original.jpg
244,RGX4X8IKI0,https://hera-public-files.azureedge.net/public-images/Enad/b7d52ad3b0134181877623bf2f0c84aa.original.jpg
245,RKMXAIIEU,https://hera-public-files.azureedge.net/public-images/mhmooob/44e3f4fb2dc244ae9db5881c0cac9606.original.jpg
246,BF7EJCSRU,https://hera-public-files.azureedge.net/public-images/Waleedd/8ddacb256e33455e85419dde615919c5.original.jpg
247,BF7EJCSRU,https://hera-public-files.azureedge.net/public-images/Waleedd/a7d3e514474c48e2bdddd300dc7a41db.original.jpg
248,BF7EJCSRU,https://hera-public-files.azureedge.net/public-images/Waleedd/1c9c7a1646ee4d228cb4cf90714f2e4f.original.jpg
249,BF7EJCSRU,https://hera-public-files.azureedge.net/public-images/Waleedd/db042bdfa2dd454fb139780d8d54d6d4.original.jpg
250,RR6XS7FNZK,https://hera-public-files.azureedge.net/public-images/AbonawaR/f8c2b813633f443aa88eb17af332b13e.original.jpg
251,RMUAXARX0,https://hera-public-files.azureedge.net/public-images/tukr7/a29840b98bfe4ad5a1e81268c3d72ac5.original.jpg
252,RRSUHXPCLK,https://hera-public-files.azureedge.net/public-images/Naywis/d1605c32c09c45b18ba397f79f2a433e.original.mov
253,BNXFZUN8K,https://hera-public-files.azureedge.net/public-images/ivFalh/e024351e08354760a180d16a0a56d109.original.jpg
254,S2VTJ29DVE,https://hera-public-files.azureedge.net/public-images/KebsA1/0ffe9068a9f7402f8d745d3dc761b699.original.jpg
255,S45E6BJDTK,https://hera-public-files.azureedge.net/public-images/QWR_im/b89446d2ceda43beab6aa4862aa24ac1.original.jpg
256,S45E6BJDTK,https://hera-public-files.azureedge.net/public-images/QWR_im/09611d929fbc4f29bb4ee68cf2bfbe16.original.jpg
257,RZKIADOKE,https://hera-public-files.azureedge.net/public-images/xZaxyz/20fdfa6ccbba4daaaf831077818668cf.original.jpg
258,RZKIADOKE,https://hera-public-files.azureedge.net/public-images/xZaxyz/834b8ea6d9f94a2b97a85f37cc76fa77.original.jpg
259,BTQMDZGKRK,https://hera-public-files.azureedge.net/public-images/faisalhi6/0569c442b32148f0b1b152b8f474c287.original.mov
260,BTQMDZGKRK,https://hera-public-files.azureedge.net/public-images/faisalhi6/b8cc0b3832364dd1b6cffef78ff27336.original.jpg
261,BTQMDZGKRK,https://hera-public-files.azureedge.net/public-images/faisalhi6/b9ecb8856cf641c688d305e40abaa153.original.jpg
262,BTQMDZGKRK,https://hera-public-files.azureedge.net/public-images/faisalhi6/94dc01e3800842d684627956f21678b0.original.mov
263,BT3MPBAP0,https://hera-public-files.azureedge.net/public-images/abdullah_1/387b9fb827e54bd7917171029949186a.original.mov
264,BT3MPBAP0,https://hera-public-files.azureedge.net/public-images/abdullah_1/7246205e4ade41b5a756c5a45ef84672.original.jpg
265,BZDZPTGRWU,https://hera-public-files.azureedge.net/public-images/x7zEn/cae3db5a5cdd4ff5b811351bda127329.original.jpg
266,BWW00NCU0,https://hera-public-files.azureedge.net/public-images/Reko_1/8cf4a2a4b0654281b3a031652a24a113.original.jpg
267,SGODGKU5CE,https://hera-public-files.azureedge.net/public-images/abodyboos/a363d1d5dae74e39967b1676d055176f.original.jpg
268,C5D7013DE6,https://hera-public-files.azureedge.net/public-images/bo_azzam/5b5a228b761d4c2ea868468c951c744b.original.jpg
269,C64F2302ED,https://hera-public-files.azureedge.net/public-images/Klodkhd/8a059c4a1bc74832adfe31de7bc5df26.original.mov
270,SON8JLDRE,https://hera-public-files.azureedge.net/public-images/Rawaf/43c15243aecf4d93865b2f30445db71d.original.jpg
271,C9A126BC21,https://hera-public-files.azureedge.net/public-images/ABO7MAS/ea4755f771fa4f679046da7d2278d178.original.jpg
272,CD3DJGFAAE,https://hera-public-files.azureedge.net/public-images/One1/cdd3a64a0216451199446bd7cab696f0.original.jpg
273,STSU2T2IME,https://hera-public-files.azureedge.net/public-images/Azizx/d8e847b738bd4862b1196f8155bd7239.original.jpg
274,STSU2T2IME,https://hera-public-files.azureedge.net/public-images/Azizx/b6e8eb77df674893bcecd31fc28e50fc.original.jpg
275,SS2MS7NJSE,https://hera-public-files.azureedge.net/public-images/Saudz_/2f0ea25c439142cbb983a9d4fd104482.original.jpg
276,SSQXIMWK8K,https://hera-public-files.azureedge.net/public-images/DrFx/129b7bfbc97f41f2928329eac002784c.original.jpg
277,SVCNWZ08U,https://hera-public-files.azureedge.net/public-images/aboode__990/820b2cd4bcd3459fa8c7c31a780c3bad.original.jpg
278,CGTUPVU52E,https://hera-public-files.azureedge.net/public-images/ikh_25/ad530e18be5e41dfb9ff09b2b9bc1785.original.jpg
279,CICLSGLJ2K,https://hera-public-files.azureedge.net/public-images/GtZx/a61d9b5c50254b938ec080cee174c4e3.original.jpg
280,SYPGBTKXP0,https://hera-public-files.azureedge.net/public-images/i_Frooss13/01b8dd6198b0472bbd3b4c08cec28810.original.jpg
281,CNKBUNGVE,https://hera-public-files.azureedge.net/public-images/Mesooo/ecda06814f6749d99425f7ae744fbfbb.original.jpg
282,CSOJSQ79K,https://hera-public-files.azureedge.net/public-images/5uw4/54536bd61eba4d17b6e9d48525e2d515.original.jpg
283,CSOJSQ79K,https://hera-public-files.azureedge.net/public-images/5uw4/2cd9834f224045be9d6545b5778889f6.original.jpg
284,CSOJSQ79K,https://hera-public-files.azureedge.net/public-images/5uw4/92665b6ebb3a4401a670f4eb58b1983a.original.jpg
285,TBWMSEF4F0,https://hera-public-files.azureedge.net/public-images/k_kp1/0e7f38203caf4dc08d25e117fa19b2a6.original.jpg
286,TIIYS9BNBK,https://hera-public-files.azureedge.net/public-images/OWLS/0dc431a861c640e5951d4c6b8a6399f1.original.jpg
287,TJMTRWAFGU,https://hera-public-files.azureedge.net/public-images/ThamerGamer_3/3105d9b8da4b478caec9bdefa8441b5d.original.jpg
288,TJMTRWAFGU,https://hera-public-files.azureedge.net/public-images/ThamerGamer_3/68a6875528a94bdd9065331a65725dfc.original.jpg
289,TMKU3TIAE,https://hera-public-files.azureedge.net/public-images/ammoory11/15e6ccd1165849e5b9221b5fd3cd04a4.original.jpg
290,TM18MEVABE,https://hera-public-files.azureedge.net/public-images/72__3r/abca0ee2a372454b9d4b8e4e67dd69cb.original.mov
291,D1BTKCNDOU,https://hera-public-files.azureedge.net/public-images/Peen_Killr1/2d12efd92e624bc8ae8acfacfebf94d8.original.jpg
292,D5BYODK0RQ,https://hera-public-files.azureedge.net/public-images/Caesar77x/294145658d8c49c69142deb3b376ad20.original.jpg
293,CZAWICJXUU,https://hera-public-files.azureedge.net/public-images/Azi_/69a0e6a65fef494da07e40533c2f85a2.original.jpg
294,CZAWICJXUU,https://hera-public-files.azureedge.net/public-images/Azi_/79af73d1ef084daebce68d82c99ae1ff.original.jpg
295,D5A706AE8E,https://hera-public-files.azureedge.net/public-images/Mr__CAB__KSA/ad68d5b6b9a6450d94144fc2e3dc27e6.original.jpg
296,TOY2XZ7JAU,https://hera-public-files.azureedge.net/public-images/Shw_san/7bcc6306c070466a92e4d704bf63de1b.original.jpg
297,TOY2XZ7JAU,https://hera-public-files.azureedge.net/public-images/Shw_san/0136cbd35aff4e4387ac6c7e692eaf88.original.jpg
298,TOY2XZ7JAU,https://hera-public-files.azureedge.net/public-images/Shw_san/0306d7aa7ffe4a359103adec549a196a.original.jpg
299,TOY2XZ7JAU,https://hera-public-files.azureedge.net/public-images/Shw_san/e754a57a85794c83a326e533b271c737.original.jpg
300,DAE781288D,https://hera-public-files.azureedge.net/public-images/Abudrma7/c5b8a411dadb45b0b7017926e3377c0a.original.jpg
301,DAE781288D,https://hera-public-files.azureedge.net/public-images/Abudrma7/1249575a4da4458e963ee64f516c6668.original.jpg
302,TV4QKRALXQ,https://hera-public-files.azureedge.net/public-images/al7kf/6c56122c007a4005b544305456ab6f2d.original.jpg
303,TX8FZN6N0,https://hera-public-files.azureedge.net/public-images/Paverion/acc4dcac2316425bb9a34e381db93c9a.original.jpg
304,TTLG7AHP1E,https://hera-public-files.azureedge.net/public-images/SALMAN280/805076e67f7c4ed4afbfbfe47e6b8e24.original.jpg
305,TTLG7AHP1E,https://hera-public-files.azureedge.net/public-images/SALMAN280/913b4084bbb640fa9255b91979d8e3d2.original.jpg
306,DBTUXZRWFK,https://hera-public-files.azureedge.net/public-images/iMoH515/64256653a1d24173a917180dbd4d6d11.original.jpg
307,DB5EDB771F,https://hera-public-files.azureedge.net/public-images/motecion/f5338b2500954463801f8ef111566b2a.original.jpg
308,DCBONRLY0,https://hera-public-files.azureedge.net/public-images/hfey/3cc279446e3241ee8e5476e8d30d7a0a.original.jpg
309,DCBONRLY0,https://hera-public-files.azureedge.net/public-images/hfey/ccc9c65b3b6c4d10ba82976f84feabe5.original.mov
310,DCBONRLY0,https://hera-public-files.azureedge.net/public-images/hfey/6111459353954c479ef102856d84fa5a.original.jpg
311,U3UUVBLFB0,https://hera-public-files.azureedge.net/public-images/ilRisKx/86807edda6c54c5299379b196929ebb6.original.jpg
312,U3UUVBLFB0,https://hera-public-files.azureedge.net/public-images/ilRisKx/4a0cd4295b2d4477bc4fdcb876948b43.original.jpg
313,DF53C302DA,https://hera-public-files.azureedge.net/public-images/SK_m7so0ony/ab07a1a87b0a44fa94b91b0fe10e529e.original.jpg
314,DF53C302DA,https://hera-public-files.azureedge.net/public-images/SK_m7so0ony/b3d2fa94f7d04155b5854df660fcb548.original.jpg
315,DF53C302DA,https://hera-public-files.azureedge.net/public-images/SK_m7so0ony/679740f1c10c42c7b957a582cdf68121.original.jpg
316,UFNLKCM8QE,https://hera-public-files.azureedge.net/public-images/SPYY/9f34707d6f644988a560c6f2dd972ff8.original.jpg
317,DK0RQQX9U,https://hera-public-files.azureedge.net/public-images/ilRisKx/42ae92af238d430e96ba1ee63265dd6c.original.jpg
318,UJQP842DE,https://hera-public-files.azureedge.net/public-images/zJALLAD/b131bc7f37ae4b7fb857990477b400fa.original.jpg
319,UGQYYG9UFE,https://hera-public-files.azureedge.net/public-images/i_xjjj/29165a04c97f4f3cbec41cf7f256cebf.original.jpg
320,DSKMGG14MK,https://hera-public-files.azureedge.net/public-images/zKinQx/885607054ca744fc800173dac60878b7.original.mov
321,DZC13XTNDU,https://hera-public-files.azureedge.net/public-images/OWL__Carlos/1ca40c69382a4344aab9d76aed7414dc.original.jpg
322,DZC13XTNDU,https://hera-public-files.azureedge.net/public-images/OWL__Carlos/cc62fd1e4f9e48e49f43e2f981e8a9b5.original.jpg
323,USQ4TLTNT9,https://hera-public-files.azureedge.net/public-images/ammoory11/1419b559440f46ee99520ac8338cc0ef.original.mov
324,USQ4TLTNT9,https://hera-public-files.azureedge.net/public-images/ammoory11/27be15bfddcb412dac71b602d97a827f.original.jpg
325,USQ4TLTNT9,https://hera-public-files.azureedge.net/public-images/ammoory11/b600ba5e55444595b3f4535ee477eabd.original.jpg
326,USQ4TLTNT9,https://hera-public-files.azureedge.net/public-images/ammoory11/96e66f930c06454694ffb2d6b19f86c5.original.jpg
327,E16QIZORLK,https://hera-public-files.azureedge.net/public-images/tukr7/3791dc4c92ec41b8aaa05ff1dd784b41.original.jpg
328,E708CACBAC,https://hera-public-files.azureedge.net/public-images/ninjaxartss/2fb2c2b6591a488a9557a3d0f7bdae36.original.jpg
329,E708CACBAC,https://hera-public-files.azureedge.net/public-images/ninjaxartss/244617aea17d4b6f87b59a231082eb49.original.jpg
330,E669483E6F,https://hera-public-files.azureedge.net/public-images/lirnm/4ad714b67b6a4f0fbb99eabf359fa361.original.jpg
331,E669483E6F,https://hera-public-files.azureedge.net/public-images/lirnm/9e8d0081fd51491fb14746af93b57a0b.original.jpg
332,E4BC7A5ACF,https://hera-public-files.azureedge.net/public-images/vSxud/5d89c9fa499a496e8e98f2be4088c414.original.jpg
333,UXZN0USZE,https://hera-public-files.azureedge.net/public-images/mhmooob/5be7f742b3664c62b3c32d954c626ffc.original.jpg
334,UXZN0USZE,https://hera-public-files.azureedge.net/public-images/mhmooob/df8d9573dc784365b37e3fc5a0a6f349.original.jpg
335,UXA1GJSDK,https://hera-public-files.azureedge.net/public-images/MDMR9/76aa6d46a2c448af8ea981ccc9d25479.original.jpg
336,UXA1GJSDK,https://hera-public-files.azureedge.net/public-images/MDMR9/41b1772758b34cbabc1db7d1cac337ac.original.jpg
337,UXA1GJSDK,https://hera-public-files.azureedge.net/public-images/MDMR9/c66334881c1243a186a29a5a63b70b48.original.jpg
338,E7C1B1D7E2,https://hera-public-files.azureedge.net/public-images/Azi_/c5dfa2f80cc94dcdbe23cc61fabfadde.original.jpg
339,EC477C60BC,https://hera-public-files.azureedge.net/public-images/ziFHD/eea956fb2e664c039e6d630662c62781.original.jpg
340,EC477C60BC,https://hera-public-files.azureedge.net/public-images/ziFHD/7307e51c3bc6436aadb3bb1ae17f7610.original.jpg
341,EC842E269D,https://hera-public-files.azureedge.net/public-images/SoulsRiven/8cce098728e04009b5214e91173cc308.original.jpg
342,EC842E269D,https://hera-public-files.azureedge.net/public-images/SoulsRiven/2980c6e3c42b4cd3a345c88adef7d8e9.original.jpg
343,V50GYKUJVU,https://hera-public-files.azureedge.net/public-images/xg1ntl/c8ec717560684f4f994b9b79182a3482.original.jpg
344,EK3WIZK4XE,https://hera-public-files.azureedge.net/public-images/i7nd/1c33bc4787974ccb9a94d99f5a5042b3.original.jpg
345,EKNO8STOJU,https://hera-public-files.azureedge.net/public-images/ahmad305/967e8369624c4f79a65cd6379f110d4d.original.jpg
346,EKNO8STOJU,https://hera-public-files.azureedge.net/public-images/ahmad305/c52d64f9a9fa40bebe0ef480cdb77fa7.original.jpg
347,EHRGI9BI2K,https://hera-public-files.azureedge.net/public-images/GreatCriminal/45d35cfe86a94f51a22d3d694682b655.original.jpg
348,EK3WIVKZQ9,https://hera-public-files.azureedge.net/public-images/muhanad911/68d08c1aae334896bbdddb58fe086d9b.original.jpg
349,VLFBXF91IU,https://hera-public-files.azureedge.net/public-images/iFxl/010644786fcd41f88e95f346af8f6369.original.jpg
350,VLFBXF91IU,https://hera-public-files.azureedge.net/public-images/iFxl/94e926a6e4344b589348f5288843cb97.original.jpg
351,VLFBX3EBQV,https://hera-public-files.azureedge.net/public-images/turkim001/a3e4d2059a4b4f44975d858b81f27fff.original.jpg
352,VLFBX3EBQV,https://hera-public-files.azureedge.net/public-images/turkim001/1c741c3f050248ae9dfd37e47765327f.original.jpg
353,VMLHBSNK,https://hera-public-files.azureedge.net/public-images/Fu_199/6a1b41f96f42414fb5409a02126d088f.original.jpg
354,VOHXHA2X1E,https://hera-public-files.azureedge.net/public-images/DewLeca/543fd47a9e0b4ff09f771590baa07baa.original.jpg
355,VOHXHA2X1E,https://hera-public-files.azureedge.net/public-images/DewLeca/f187513f156340f7a16956d00c4e42c5.original.jpg
356,VOHXHA2X1E,https://hera-public-files.azureedge.net/public-images/DewLeca/e1429818a37d43a5952cc19faa7f8455.original.jpg
357,VOHXHA2X1E,https://hera-public-files.azureedge.net/public-images/DewLeca/14fc673a61a744a5b0ff9be23fc17ea5.original.jpg
358,ETXWFW1YSK,https://hera-public-files.azureedge.net/public-images/GL6hxx1/e5ffd432325943af8c3efb7e5b295711.original.jpg
359,ESU1LBNRVE,https://hera-public-files.azureedge.net/public-images/x7zEn/0b46d3b745274b39b8147bf0630ed131.original.jpg
360,ESU1LBNRVE,https://hera-public-files.azureedge.net/public-images/x7zEn/7ae40ab5a4d14bba9f426d137e8b07f5.original.mov
361,EVTZENLIE0,https://hera-public-files.azureedge.net/public-images/ibraHz/63a9bcbdbea74911a21cfe0b9252624c.original.jpg
362,VYDSQUAAK,https://hera-public-files.azureedge.net/public-images/fnnn/2a7a8a05335248508a9edfa77d32e82b.original.jpg
363,F381ABF14B,https://hera-public-files.azureedge.net/public-images/Frustratedx/0bca8ff539bc48cf875ed85a20659602.original.jpg
364,F381ABF14B,https://hera-public-files.azureedge.net/public-images/Frustratedx/0e8dac440d4a4d4db32a73f7b215f6e9.original.jpg
365,F9BA946AAC,https://hera-public-files.azureedge.net/public-images/BlusteryManager/8f3aa91c3507443a96c4069fa1210451.original.jpg
366,F8B99BE37D,https://hera-public-files.azureedge.net/public-images/i9oY2_/c6e45125a770441cb1982bc7fdfb49fd.original.jpg
367,WBQ9CT7OIE,https://hera-public-files.azureedge.net/public-images/xZaxyz/b424c12a07444667a8dde7d000788399.original.jpg
368,FDM76NDDU,https://hera-public-files.azureedge.net/public-images/xXalotaibiXx511/07e6c0dfdb8a487eb2b2220eb722601e.original.jpg
369,FDM76NDDU,https://hera-public-files.azureedge.net/public-images/xXalotaibiXx511/09bdfc32968a413dbed91d219f7498fc.original.jpg
370,FCWLBWTXRU,https://hera-public-files.azureedge.net/public-images/MR_78/80b1e769197e424589dac8cb6c04972c.original.jpg
371,FCWLBWTXRU,https://hera-public-files.azureedge.net/public-images/MR_78/222dfc0c162a4b80a2854135531e48ba.original.jpg
372,FE6AF9390B,https://hera-public-files.azureedge.net/public-images/xIDeMoN_Soul/3a03312d30094123b7b628177aff3485.original.jpg
373,FE6AF9390B,https://hera-public-files.azureedge.net/public-images/xIDeMoN_Soul/cdeb0080fc54416885fdb154012b9bd5.original.mov
374,FDIEH95JK,https://hera-public-files.azureedge.net/public-images/_mounirXkiller_/09dbe913dd734330871191c7f75c043f.original.jpg
375,WFROR4ADF0,https://hera-public-files.azureedge.net/public-images/Omarxsa/40adc114eb5f4a6a9c09de4e14bf3bab.original.jpg
376,FFSJWDSUEK,https://hera-public-files.azureedge.net/public-images/Dazlly/f68d8e187b804001a71813fea8b9e9bc.original.jpg
377,FFECXFXZL0,https://hera-public-files.azureedge.net/public-images/Hussain/ae64420a45b041158bab997d7a41b4cd.original.jpg
378,FFECXFXZL0,https://hera-public-files.azureedge.net/public-images/Hussain/beef76a2e9bf4d258a8f52d415b6f354.original.jpg
379,WN9S8MUOFU,https://hera-public-files.azureedge.net/public-images/ibraHz/6e81693fcc1e40b88830ed808c1317cd.original.jpg
380,WVL6FOBEYU,https://hera-public-files.azureedge.net/public-images/Arseq/542eb65173b34d7fb6087e6bb4019553.original.jpg
381,WVL6FOBEYU,https://hera-public-files.azureedge.net/public-images/Arseq/4d79348973b1477da4b2a83359ed9b70.original.jpg
382,WVL6FOBEYU,https://hera-public-files.azureedge.net/public-images/Arseq/b73e2b8f44fa437ebfefddc1de8adc30.original.jpg
383,WVL6FOBEYU,https://hera-public-files.azureedge.net/public-images/Arseq/811f40f70190469b8fce1b42afaab9e7.original.jpg
384,FXBGYHCW7U,https://hera-public-files.azureedge.net/public-images/Mexiaco/85ec0ba1644649ce9eeac70c15abe7e7.original.jpg
385,FXBGYHCW7U,https://hera-public-files.azureedge.net/public-images/Mexiaco/188a1cfdf58648f0b397bd6e3fcca925.original.jpg
386,X1DCSIOTE,https://hera-public-files.azureedge.net/public-images/MohammadAM/d569c4165a774a46a8883ee5db31f665.original.jpg
387,X1DCSIOTE,https://hera-public-files.azureedge.net/public-images/MohammadAM/fc72fdda7fbf4e87b37035cbd8ddee22.original.jpg
388,X6TY91NW0K,https://hera-public-files.azureedge.net/public-images/SPYY/8de58f35285e4841a2df263b89706d71.original.jpg
389,X0KATDAP2U,https://hera-public-files.azureedge.net/public-images/Arseq/7ef37b9317a24c3794f00c745aa93e03.original.jpg
390,X0KATDAP2U,https://hera-public-files.azureedge.net/public-images/Arseq/4c939cd22e2343678f2a8d908a5fdd86.original.jpg
391,X0KATDAP2U,https://hera-public-files.azureedge.net/public-images/Arseq/2042f5eb0c374834bcbf314848c89104.original.jpg
392,G45T3WIOIU,https://hera-public-files.azureedge.net/public-images/x9nhaaat/06a33fa3c6974167b4dd9abc13c08015.original.jpg
393,XDQWEMQ9MK,https://hera-public-files.azureedge.net/public-images/fahadafif7/0050cc90dd9f47c996994ea60534cbd4.original.jpg
394,XDQWEMQ9MK,https://hera-public-files.azureedge.net/public-images/fahadafif7/320e2a4f1b36420e87718ff0d2c0df0a.original.jpg
395,XDVR1GSJK,https://hera-public-files.azureedge.net/public-images/Waleedd/af2519aa77cf4726b6620c34de71841e.original.jpg
396,XDVR1GSJK,https://hera-public-files.azureedge.net/public-images/Waleedd/014371cbc7094973841d7e07b39d680e.original.jpg
397,XDQWEFDM76,https://hera-public-files.azureedge.net/public-images/zFerS/b03ae7eb89f6453fadbb8daf2f8f4cc5.original.jpg
398,GE9VQE9EAU,https://hera-public-files.azureedge.net/public-images/mhmooob/99a6cb62e1784deb830ce23204bb1d04.original.jpg
399,GE9VQKYNAY,https://hera-public-files.azureedge.net/public-images/mhmooob/be12c367f0da418eadb2f7ae51920504.original.jpg
400,GE9VQKYNAY,https://hera-public-files.azureedge.net/public-images/mhmooob/9301683a8cd24df992063742cfd322e0.original.jpg
401,GCBHFQHT1K,https://hera-public-files.azureedge.net/public-images/h2hSalman/81761946c81540b0a25d6b18a94cc8c7.original.jpg
402,GCBHFQHT1K,https://hera-public-files.azureedge.net/public-images/h2hSalman/e101a415145542cda0bc125d9a33059d.original.jpg
403,XINOIJ0YEU,https://hera-public-files.azureedge.net/public-images/iMqMx/26848d44c354480b9be51da7400898e1.original.jpg
404,XINOIJ0YEU,https://hera-public-files.azureedge.net/public-images/iMqMx/930320d907d44d279df7d099f030526a.original.jpg
405,GEQ0RNXX0,https://hera-public-files.azureedge.net/public-images/Mansuor/34f8b492bdcf4329833a1f79fae725d4.original.jpg
406,XNZUTIPVU,https://hera-public-files.azureedge.net/public-images/Dazlly/776c3769fef547489ac9ec782dfd9c05.original.jpg
407,XRTQZC5TVU,https://hera-public-files.azureedge.net/public-images/Saudz_/b973bd3c27054a7db794b6d890380773.original.jpg
408,GTVAC7USMU,https://hera-public-files.azureedge.net/public-images/faisalhi6/924751dbffec410d95a37bd2dde81bd8.original.mov
409,GTVAC7USMU,https://hera-public-files.azureedge.net/public-images/faisalhi6/abf07f893719414ea0588794aa146705.original.jpg
410,GTVAC7USMU,https://hera-public-files.azureedge.net/public-images/faisalhi6/e64cce78586744f7b0e3ba69270c2262.original.jpg
411,GTVAC7USMU,https://hera-public-files.azureedge.net/public-images/faisalhi6/213a5fa6558b4885b58869b17724a8fa.original.jpg
412,XYQ9TSLAHU,https://hera-public-files.azureedge.net/public-images/5uw4/d5ceb15a324a483cbefb2ea5b8583f5d.original.jpg
413,XYQ9TSLAHU,https://hera-public-files.azureedge.net/public-images/5uw4/ac3803123dd840c29d2195d27c32451b.original.jpg
414,XYQ9TSLAHU,https://hera-public-files.azureedge.net/public-images/5uw4/62b6d08eb2974f0fa82f6d755a6c7c4f.original.jpg
415,XZYLVYS5K,https://hera-public-files.azureedge.net/public-images/Fnon1/f987f6315b6d4d2b968d0272e44e5af7.original.jpg
416,XZYLVYS5K,https://hera-public-files.azureedge.net/public-images/Fnon1/db12fab736e943c882f271e0bb88d054.original.jpg
417,XZYLVYS5K,https://hera-public-files.azureedge.net/public-images/Fnon1/e1158d757f8d442d829a749fb15aea3c.original.jpg
418,XZ5GP8GHBK,https://hera-public-files.azureedge.net/public-images/xZaxyz/70f00fad1dba48db8c1aa210d025af13.original.jpg
419,XZ5GP8GHBK,https://hera-public-files.azureedge.net/public-images/xZaxyz/e9fbc046bf554804b3e3d997d60f25d0.original.jpg
420,YEBBCFZKUU,https://hera-public-files.azureedge.net/public-images/Frustratedx/17517d4927e04657b660ff5793acc06f.original.jpg
421,YGTVIIU6W0,https://hera-public-files.azureedge.net/public-images/mhmooob/505d19e5c2e44edf84d31b6cdd942cb0.original.jpg
422,YGTVIIU6W0,https://hera-public-files.azureedge.net/public-images/mhmooob/91050a6c74574d22b5fcbbfbfe4d983a.original.jpg
423,YO9YWYGZ4E,https://hera-public-files.azureedge.net/public-images/Yasserx5/ed4abb62ab2c446db86a9e51a43ceb58.original.jpg
424,HN7ZE8WQ7K,https://hera-public-files.azureedge.net/public-images/ilRisKx/49313949703946b89af24ecd6378f8f7.original.jpg
425,HN7ZE8WQ7K,https://hera-public-files.azureedge.net/public-images/ilRisKx/8d8ed3ebd3fa409cabc1f96be55393d4.original.jpg
426,HNPGVOUUKE,https://hera-public-files.azureedge.net/public-images/x3zo5/cc9bc944c9ce4fb883b2e3d0ed69c545.original.jpg
427,YWYMRNNXSE,https://hera-public-files.azureedge.net/public-images/Faisalft_/5a758db427bf4fa4bd471e82ad975cff.original.jpg
428,YYVWC8RZ0,https://hera-public-files.azureedge.net/public-images/ilRisKx/34ca1fccf63e408bb59a12b673bfd2ee.original.jpg
429,HVGXAFRIFK,https://hera-public-files.azureedge.net/public-images/Ksaturkey/9ed52a6be2af40578e7362352c80aa5b.original.jpg
430,HVGXAFRIFK,https://hera-public-files.azureedge.net/public-images/Ksaturkey/da80b6e7736c4987b317721c4472d0c3.original.jpg
431,HVGXAFRIFK,https://hera-public-files.azureedge.net/public-images/Ksaturkey/9a0cd58091da4ad08c0355048c8970fe.original.mov
432,HVF0QX1DCS,https://hera-public-files.azureedge.net/public-images/DrFx/85add28f590f48fa82406fce1aff518a.original.jpg
433,Z00QMV0LK,https://hera-public-files.azureedge.net/public-images/aboodturdi/b8a8ced61ac14e06a643c0b6487cabd4.original.jpg
434,I5O5TKMFIU,https://hera-public-files.azureedge.net/public-images/x7zEn/7045a7def9294cc385c451c4ba992bce.original.jpg
435,I5O5TKMFIU,https://hera-public-files.azureedge.net/public-images/x7zEn/37872f6c12394af69d2211b4bccf464b.original.mov
436,ZF961UFNLK,https://hera-public-files.azureedge.net/public-images/bo_azzam/c5471e164b4549aea68fb35d6e3a5bec.original.jpg
437,ZF961ONXG0,https://hera-public-files.azureedge.net/public-images/bo_azzam/f50c42d4b90242b79738421f55213cda.original.jpg
438,ICESP9QCA0,https://hera-public-files.azureedge.net/public-images/HoDi/f995f092c3c740e192ab5d6ebb6567cc.original.jpg
439,ICESP9QCA0,https://hera-public-files.azureedge.net/public-images/HoDi/65ebbcaf47ad4876bd8dddf51e102893.original.jpg
440,ZLONWFXBC0,https://hera-public-files.azureedge.net/public-images/Shino/4c869dc1a2de4fc1b3879ae001aa7d68.original.jpg
441,ZKRIQMD33E,https://hera-public-files.azureedge.net/public-images/muhanad911/b8e91637e5054c9faaada18a2c24cc26.original.jpg
442,ZPWGEVUI7E,https://hera-public-files.azureedge.net/public-images/zJALLAD/2a7fc2aef14b4f909f33704856a6b0e6.original.jpg
443,INXJCSPAK,https://hera-public-files.azureedge.net/public-images/ninjaxartss/3f72fb38615945e39c8e4feb8bc97926.original.jpg
444,IPC5VNOTXK,https://hera-public-files.azureedge.net/public-images/Rpo__/e213c109731a4b5a9e51b2bed1eaaa4c.original.jpg
445,IPC5VNOTXK,https://hera-public-files.azureedge.net/public-images/Rpo__/09c904122da64951837544affb2978b6.original.jpg
446,IRGGVBRWU,https://hera-public-files.azureedge.net/public-images/BlusteryManager/b7f8408bd0a442048c9ac63a7e4a2a41.original.jpg
447,IRGGVBRWU,https://hera-public-files.azureedge.net/public-images/BlusteryManager/31ffc64c99fc4a3c87c98679b8af42d3.original.jpg
448,J2D53VNXK,https://hera-public-files.azureedge.net/public-images/ilRisKx/384794a340604b6eb6ee6339e4b261ba.original.jpg
449,J3OG54NXL0,https://hera-public-files.azureedge.net/public-images/ibraHz/68ffd8421dfc410cadde4ad351366430.original.jpg
450,J0TUN6OLNE,https://hera-public-files.azureedge.net/public-images/justrakan/39b336ce9a05457aa055502f980fb446.original.jpg
451,J4AHFH3KE,https://hera-public-files.azureedge.net/public-images/kopv/403836fcb3fb4dd1abd9af9538305402.original.jpg
452,JBSICNWSF0,https://hera-public-files.azureedge.net/public-images/BoOoM/5816bfc1855a43aa965bd2bb1b7a1cb2.original.jpg
453,JAPJILRJFK,https://hera-public-files.azureedge.net/public-images/aboode__990/9cffbd0bff1b4cc285432f0e8b6a6a06.original.jpg
454,JAPJILRJFK,https://hera-public-files.azureedge.net/public-images/aboode__990/077db1c6a6534586b2495d4d86a04390.original.jpg
455,JCODRBSKIU,https://hera-public-files.azureedge.net/public-images/SirRemax/b617729e21fd4e9eb4d4f46ba03fa63a.original.jpg
